{"cameraMode":{"drawMode":0,"name":"Shaded","section":"Shading Mode"},"sceneLighting":false,"audioPlay":false,"sceneViewState":{"m_AlwaysRefresh":true,"showFog":true,"showSkybox":false,"showFlares":true,"showImageEffects":true,"showParticleSystems":true,"showVisualEffectGraphs":true,"m_FxEnabled":true},"in2DMode":false,"pivot":{"x":-0.5701535940170288,"y":0.5690386295318604,"z":3.6064608097076418},"rotation":{"x":0.09537705034017563,"y":-0.324481725692749,"z":0.03271352872252464,"w":0.9405493140220642},"size":0.7800226211547852,"orthographic":true}