{"cameraMode":{"drawMode":0,"name":"Shaded","section":"Shading Mode"},"sceneLighting":false,"audioPlay":false,"sceneViewState":{"m_AlwaysRefresh":true,"showFog":true,"showSkybox":false,"showFlares":true,"showImageEffects":true,"showParticleSystems":true,"showVisualEffectGraphs":true,"m_FxEnabled":true},"in2DMode":false,"pivot":{"x":-0.01261293888092041,"y":1.207700252532959,"z":-0.3599708080291748},"rotation":{"x":-0.19788624346256257,"y":0.05404771864414215,"z":-0.01096327230334282,"w":-0.9787241816520691},"size":1.5958384275436402,"orthographic":false}