{"cameraMode":{"drawMode":0,"name":"Shaded","section":"Shading Mode"},"sceneLighting":true,"audioPlay":false,"sceneViewState":{"m_AlwaysRefresh":true,"showFog":true,"showSkybox":true,"showFlares":true,"showImageEffects":true,"showParticleSystems":true,"showVisualEffectGraphs":true,"m_FxEnabled":true},"in2DMode":false,"pivot":{"x":0.49929484724998476,"y":-0.6920281648635864,"z":3.834179162979126},"rotation":{"x":-0.2272552102804184,"y":-0.04559241607785225,"z":0.010615036822855473,"w":-0.972763180732727},"size":4.945565223693848,"orthographic":false}