{"cameraMode":{"drawMode":0,"name":"Shaded","section":"Shading Mode"},"sceneLighting":false,"audioPlay":false,"sceneViewState":{"m_AlwaysRefresh":true,"showFog":true,"showSkybox":false,"showFlares":true,"showImageEffects":true,"showParticleSystems":true,"showVisualEffectGraphs":true,"m_FxEnabled":true},"in2DMode":false,"pivot":{"x":-0.0765136331319809,"y":0.5712123513221741,"z":-0.9025600552558899},"rotation":{"x":-0.0036825798451900484,"y":0.9719539880752564,"z":-0.23476532101631165,"w":-0.015183242969214917},"size":1.719139575958252,"orthographic":false}