{"cameraMode":{"drawMode":0,"name":"Shaded","section":"Shading Mode"},"sceneLighting":false,"audioPlay":false,"sceneViewState":{"showFog":true,"showMaterialUpdate":true,"showSkybox":false,"showFlares":true,"showImageEffects":true,"showParticleSystems":true},"in2DMode":false,"pivot":{"x":-0.7856610417366028,"y":1.4200385808944703,"z":6.957294940948486},"rotation":{"x":0.09628598392009735,"y":0.44612693786621096,"z":-0.048470109701156619,"w":0.8885427117347717},"size":2.121330976486206,"orthographic":true}