{"cameraMode":{"drawMode":0,"name":"Shaded","section":"Shading Mode"},"sceneLighting":false,"audioPlay":false,"sceneViewState":{"showFog":true,"showMaterialUpdate":true,"showSkybox":false,"showFlares":true,"showImageEffects":true,"showParticleSystems":true},"in2DMode":false,"pivot":{"x":0.20839129388332368,"y":0.8193840980529785,"z":-0.6429077982902527},"rotation":{"x":0.2111121267080307,"y":0.34756168723106387,"z":-0.08081266283988953,"w":0.9101076126098633},"size":2.1285786628723146,"orthographic":false}