{"cameraMode":{"drawMode":0,"name":"Shaded","section":"Shading Mode"},"sceneLighting":true,"audioPlay":false,"sceneViewState":{"showFog":true,"showMaterialUpdate":true,"showSkybox":true,"showFlares":true,"showImageEffects":true,"showParticleSystems":true},"in2DMode":false,"pivot":{"x":0.1700000762939453,"y":-1.065000057220459,"z":8.954999923706055},"rotation":{"x":0.2388501763343811,"y":-0.2240401804447174,"z":0.05663827434182167,"w":0.9431989192962647},"size":11.502097129821778,"orthographic":true}