{"cameraMode":{"drawMode":0,"name":"Shaded","section":"Shading Mode"},"sceneLighting":false,"audioPlay":false,"sceneViewState":{"showFog":true,"showMaterialUpdate":true,"showSkybox":false,"showFlares":true,"showImageEffects":true,"showParticleSystems":true},"in2DMode":false,"pivot":{"x":0.5,"y":-0.04999999701976776,"z":0.5000000596046448},"rotation":{"x":0.11473000049591065,"y":0.09373153746128082,"z":-0.01087589468806982,"w":0.9889129400253296},"size":2.474184274673462,"orthographic":true}