{"cameraMode":{"drawMode":0,"name":"Shaded","section":"Shading Mode"},"sceneLighting":false,"audioPlay":false,"sceneViewState":{"showFog":true,"showMaterialUpdate":true,"showSkybox":false,"showFlares":true,"showImageEffects":true,"showParticleSystems":true},"in2DMode":false,"pivot":{"x":-0.8842536211013794,"y":1.4230386018753052,"z":6.829380989074707},"rotation":{"x":0.09628598392009735,"y":0.44612693786621096,"z":-0.048470109701156619,"w":0.8885427117347717},"size":1.9065762758255005,"orthographic":true}