{"cameraMode":{"drawMode":0,"name":"Shaded","section":"Shading Mode"},"sceneLighting":false,"audioPlay":false,"sceneViewState":{"showFog":true,"showMaterialUpdate":true,"showSkybox":false,"showFlares":true,"showImageEffects":true,"showParticleSystems":true},"in2DMode":false,"pivot":{"x":0.0,"y":0.8591207265853882,"z":-0.04096747934818268},"rotation":{"x":-0.17490634322166444,"y":-0.4941527843475342,"z":0.1022416278719902,"w":-0.8454933762550354},"size":4.683160781860352,"orthographic":true}