{"cameraMode":{"drawMode":0,"name":"Shaded","section":"Shading Mode"},"sceneLighting":false,"audioPlay":false,"sceneViewState":{"m_AlwaysRefresh":true,"showFog":true,"showSkybox":false,"showFlares":true,"showImageEffects":true,"showParticleSystems":true,"showVisualEffectGraphs":true,"m_FxEnabled":true},"in2DMode":false,"pivot":{"x":0.04385262727737427,"y":0.3724532127380371,"z":0.08611267060041428},"rotation":{"x":-0.33406177163124087,"y":0.1694730520248413,"z":-0.06122025474905968,"w":-0.9252192974090576},"size":0.5331377983093262,"orthographic":false}